Item #,*Designator,*Qty,Manufacturer,*Mfg Part #,Description / Value,*Package/Footprint ,Type,Your Instructions / Notes
1,C1,1,,,10uF Cap Ceramic 10uF 10V X5R 10%,603,SMD,
2,C2,1,,,100nF Cap Ceramic 50V X7R# K +-10%,603,SMD,
3,J2,1,JST,SM04B-SRSS-TB(LF)(SN),Right Angle QWIIC Connector,,SMD,
4,LED1,1,TCWIN,TC5050RGBW4D06-4CJHR3-AFW421A,,5050,SMD,
5,R2,1,,,Res General Purpose Thick Film 10K Ohm 1% 1/10W �100ppm/�C ,603,SMD,
6,U1,1,NXP,"PCA9632DP1,118",Led Drvr 4SEGMENT,TSSOP-8,SMD,
7,U2,1,ST Micro,VL53L0CXV0DH/1,Time-of-Flight Ranging & Gesture Detection Sensor,PLCC-12,SMD,
