Altium Designer Pick and Place Locations
C:\Users\Nick\AppData\Local\TempReleases\Snapshot\1\Assembly\Pick Place\Pick Place for ToFnLED.csv

========================================================================================================================
File Design Information:

Date:       01/07/23
Time:       13:08
Revision:   Not in VersionControl
Variant:    No variations
Units used: mm

"Designator","Layer","Center-X(mm)","Center-Y(mm)","Rotation"
"U1","TopLayer","18.0000","5.0000","270"
"U2","TopLayer","27.8000","5.0250","180"
"R2","TopLayer","24.5000","3.2500","90"
"J2","TopLayer","32.8500","5.0000","270"
"J1","BottomLayer","15.5625","5.0000","90"
"LED1","TopLayer","4.0000","5.0000","90"
"C2","TopLayer","22.5000","7.2500","270"
"C1","TopLayer","24.5000","7.2500","270"
